L,T,magnetization,magnetization_std,n_eff,log_magnetization,log_magnetization_std,n_eff_log,susceptibility,susceptibility_std,n_eff_susceptibility,log_susceptibility,log_susceptibility_std,n_eff_log_susceptibility,binder_cumulant,binder_cumulant_std,n_eff_binder,m2,m2_std,n_eff_m2,m4,m4_std,n_eff_m4,n_sweeps,n_thermalize,seed
12,2.0,0.9107708333333333,0.07355253313613722,1901.997802734375,-0.09758426703687366,0.0778886757328568,2117.044936160723,110.10256944444444,36.427428697232706,1736.5530534576362,4.058164394383823,2.4030941087838102,1904.3583196453699,0.6630510354202431,0.014264373577183168,1891.714258932389,0.8349121334876543,0.12074298828606002,1854.18701171875,0.7116534951478493,0.17895080813920244,1855.71240234375,4000,500,0
12,2.05,0.893267361111111,0.08771340642175011,2066.5947265625,-0.11956985708836908,0.10304381487750112,2267.313283786572,100.78406165311654,39.20646145772563,1486.320785753558,3.7751957883516445,2.6919132963266694,1672.8209344988825,0.6613627647743149,0.021445701897950906,1587.8574878514246,0.8056182966820987,0.136748288374135,2021.45703125,0.6677162592986283,0.19200631589118405,2018.896240234375,4000,500,1
12,2.1,0.8696458333333333,0.1055659101126952,1722.6624755859375,-0.15129583511130523,0.15143977741561684,1871.288312797026,93.14469576719576,38.41062721291409,1746.3003029696265,3.666482106162278,2.7034280243725277,1950.5569762848736,0.6593425166082941,0.02450294982078691,1554.7528296075632,0.767425250771605,0.15748915170607805,1737.43115234375,0.6137381477187345,0.20910012117977253,1784.449951171875,4000,500,2
12,2.15,0.8392222222222222,0.13581467828923524,1431.3466796875,-0.21181091090172896,0.6684181512842704,3082.3981414730965,82.27998708010337,40.180337346662895,1623.3148622445217,3.3458984189527126,2.9067857994855038,1924.18840701129,0.6491311475858356,0.05123927275141375,1017.4651748990719,0.7227349537037037,0.18480477747191332,1464.882080078125,0.556490080880094,0.2236719609395558,1551.95556640625,4000,500,3
12,2.2,0.7992013888888889,0.1622608137475821,1153.3756103515625,-0.2638480794362465,0.2693961444776821,1443.8225868139018,72.84640782828282,39.91902533084484,1460.3158671782128,3.0849758240886347,3.0055133454477105,1878.9995072749473,0.638753363178518,0.06931237159705005,909.4872242462152,0.665044849537037,0.21002046258504314,1190.9927978515625,0.4863822194514996,0.23600537559302368,1352.3076171875,4000,500,4
12,2.24,0.762875,0.18294205154854573,864.9317626953125,-0.33326016274453746,0.4554790972178131,1454.9355656661369,63.219165426587296,30.473914222966016,1256.6744888088178,2.699744194254103,3.1984884858606986,1780.575020392555,0.6258439914245135,0.06616229318863523,600.3876980273751,0.6154376929012346,0.22784096863475525,921.5298461914062,0.4306620829552707,0.24223318082721648,1045.5731201171875,4000,500,5
12,2.269185314213022,0.7405763888888889,0.19737676201807708,1101.1201171875,-0.3974291851110586,0.7455361681048962,2423.913097873483,59.102880689760475,30.884261846247213,1222.9957320450014,2.608650664028579,3.15786779765605,1710.8253489082888,0.6183969243576263,0.08903916755712518,793.2906117482613,0.5874012345679013,0.2377807114324266,1099.537353515625,0.4015657421845231,0.24365884598619267,1172.6624755859375,4000,500,6
12,2.28,0.7226944444444443,0.20741329173154563,734.300048828125,-0.4124372908742044,0.5371946065501129,1715.2773453856983,53.924445662768036,30.78208947304108,1118.305804620082,2.2677641328868168,3.336811097529417,1491.6317365171337,0.6090888915003696,0.06631256813820527,427.03888715375695,0.5652967785493827,0.2453567816183761,764.3900756835938,0.3797453481368658,0.24460597432660613,881.7319946289062,4000,500,7
12,2.3,0.7122291666666667,0.20388477004113081,982.1452026367188,-0.43450248294000454,0.6774635474953531,2383.736858626792,53.16994565217392,29.9369530646343,1153.230488407777,2.367308527174602,3.233419146034073,1669.334340070681,0.6103075047424843,0.10425427249836981,758.709468062851,0.5488289930555555,0.24208053832658272,991.4041748046875,0.359801599908104,0.23972435288586855,1074.86083984375,4000,500,8
12,2.32,0.69003125,0.22245665587428093,571.1935424804688,-0.5398554739984636,1.1278905194691615,1745.8447226981843,48.13355783045977,29.72167513398379,1070.469293313059,2.0776835036550665,3.3376374074157065,1730.9138718278416,0.5885412808386676,0.10033380099310563,373.46641939846745,0.5256177179783951,0.2530230371538275,593.947021484375,0.34027863761903016,0.24203790146355006,722.085205078125,4000,500,9
16,2.0,0.9113828125,0.05424452475815097,1685.2474365234375,-0.09475307196399663,0.05150707772835143,1943.4078045753347,195.3170390625,62.5946126759359,1842.2576107890734,4.537445553098025,2.722575773905514,1993.5466932645481,0.6647893463848488,0.006460950377295554,1544.605933275447,0.8335603637695312,0.09325282616454741,1684.783203125,0.7035167956128716,0.1433522657402369,1705.3936767578125,4000,500,10
16,2.05,0.89191796875,0.07004406459861819,1640.208984375,-0.11833032852589469,0.07292081576736824,1586.5699334967503,178.12434451219517,66.98243286477,1751.0336658584213,4.243258487290963,3.015444317549758,2000.0,0.663516694324554,0.010810619017189979,1301.6886880145494,0.800422607421875,0.11232601371473373,1687.6485595703125,0.6532903295457363,0.1596867060830326,1834.9114990234375,4000,500,11
16,2.1,0.869228515625,0.0866026173721145,1608.737060546875,-0.14719265887665406,0.11273589930299138,1786.7248610427928,164.9443136160714,65.08779003779733,1769.862258036604,4.161503161675499,2.9693522713325167,1959.5923182496774,0.6605532423987271,0.016430119008592974,1171.887642117162,0.7630563507080078,0.13178615112179273,1591.3433837890625,0.5996182420859113,0.17671538848641793,1627.740234375,4000,500,12
16,2.15,0.834974609375,0.11605960652821719,1366.016845703125,-0.19776063140362427,0.17764781101818752,1498.5181309631407,143.7053179505814,68.98398056515786,1556.695786229819,3.7390023831753587,3.283370064696249,1858.9426812631905,0.6536273112428346,0.043444599763219564,1012.5545624622149,0.7106490631103516,0.15979905001274933,1396.0394287109375,0.5305514433505013,0.19273705984636516,1489.965576171875,4000,500,13
16,2.2,0.7883359375,0.14863408861353722,1046.507568359375,-0.2836756036910258,0.5441035734229337,2569.3509032871657,120.88056818181818,70.20820132015031,1341.8734145378573,3.2270323089090835,3.5701671291781336,1762.2162925172543,0.6425339932188563,0.05808970632666503,770.2028132594692,0.6435601196289062,0.19093188837315286,1024.7703857421875,0.4506154998280108,0.2093517738445871,1062.4056396484375,4000,500,14
16,2.24,0.761068359375,0.16533159294563576,1095.59423828125,-0.32705244892300733,0.4594276406631541,2135.6927543259035,109.56473737444196,68.47606562942474,1363.2385542233098,3.091155320413267,3.51958164628814,1800.4154080923201,0.6330599013708678,0.07069902865162087,735.7707562199641,0.606552749633789,0.20358898708475068,1101.6328125,0.4093443516315892,0.21213770373428323,1171.1402587890625,4000,500,15
16,2.269185314213022,0.706017578125,0.190663108456051,932.6697387695312,-0.4412387119841422,0.7214642265129346,2084.2413505843183,88.86277219989104,49.93235153935509,1311.8136320650988,2.4331058027387864,3.826907093773737,1809.57449757499,0.6160999071260008,0.10727322275154533,690.7694922084673,0.5348041534423829,0.2208563473883612,909.0154418945312,0.33478081433940676,0.20941499555611712,923.8497924804688,4000,500,16
16,2.28,0.7077890625,0.18877238394491602,1086.3441162109375,-0.43009818372694114,0.5937603481612346,2354.6720828687075,91.31619037828946,51.28797672643258,1259.9974822676745,2.702577591409482,3.6060505806682417,1746.2245886017424,0.6233805642750303,0.09097036839001124,903.7548261889239,0.5365914611816406,0.219537874767962,1180.095947265625,0.3361152254510671,0.21031876421755707,1231.2349853515625,4000,500,17
16,2.3,0.666626953125,0.20981571193255447,824.7958984375,-0.5108735162289687,0.5104869761232627,1256.4429680046806,79.67161854619566,51.17668749958463,1183.2479457404347,2.3042414556222437,3.764713181460706,1764.5099045014547,0.6021760943473682,0.07827354077427591,457.37523093302934,0.4884031219482422,0.23377322221176935,839.2626342773438,0.293173866472207,0.21087686697216956,913.363525390625,4000,500,18
16,2.32,0.634044921875,0.22581675936174747,789.2499389648438,-0.6162022272678357,0.906719269167768,2018.565611671382,69.41810176454742,49.51392169270982,1064.2310121709722,2.0450017914497383,3.7206650452319128,1759.6797168812259,0.5768475379578702,0.1386500878846534,537.3968914835903,0.45299342346191407,0.24143222177098075,787.0407104492188,0.2634779870295897,0.20693824954668147,827.750244140625,4000,500,19
24,2.0,0.9092734375,0.0406056658603221,2042.4490966796875,-0.09623419774750348,0.04012623275078345,2091.5860264364364,439.81545746527775,132.88478822980517,1924.865200780055,5.261268285974681,3.1140249469535153,2000.0,0.6656669842535587,0.005325914175478114,1950.9352095128156,0.8284265920380014,0.06967828611076708,2029.904296875,0.6911444681851426,0.10758661194848529,2031.7347412109375,4000,500,20
24,2.05,0.8926762152777779,0.0460965553141086,1628.7591552734375,-0.11499391280905012,0.04757736715516792,1779.079158541666,401.298628895664,145.23234626840267,1769.1954228678385,4.921684780073683,3.4186973543335677,1861.990461644277,0.6655966918369892,0.0034260911855812488,1773.7518147873902,0.7989951865113812,0.07830498889413023,1677.5694580078125,0.6445234464362452,0.11736884304786444,1760.6329345703125,4000,500,21
24,2.1,0.8674652777777778,0.05658827484452178,1803.6943359375,-0.14453463119712642,0.05831760219710987,1843.3087699954533,364.08984126984126,143.17898798994977,1863.5846945257726,4.689419210099163,3.598031756830792,1960.0722416740032,0.6646837689400307,0.006736157437056483,1859.2417441975176,0.7556974404417438,0.09281027352088314,1780.8387451171875,0.5796902149245063,0.13019573361863365,1770.9766845703125,4000,500,22
24,2.15,0.8363836805555556,0.08006960097810664,1310.7568359375,-0.18622871804960514,0.1223983517269651,1643.6379441775982,322.3086304909561,145.33470022824054,1583.1869571433247,4.369176561102602,3.7857460177977313,1828.1864749762426,0.6610575717206998,0.01904466039425707,1070.9244547387843,0.7059471993152006,0.11735781376883812,1312.3531494140625,0.5121308614594636,0.1475163615953314,1352.853271484375,4000,500,23
24,2.2,0.7879887152777778,0.1132449809823963,1028.8709716796875,-0.25664906935439546,0.1798983656371196,1394.9455593128732,272.29363557449494,144.5649994035898,1482.6794044256033,3.9528112164765,3.9416972419569474,1950.5027676369211,0.6530483138709328,0.033877334050490454,770.6389746452664,0.6337474350163966,0.14990147924871017,1010.5155639648438,0.42410064725744306,0.16409060743276144,1046.9906005859375,4000,500,24
24,2.24,0.7329270833333332,0.15389834229286492,697.8011474609375,-0.3584441391680247,0.4367577986425547,1727.8413382052127,218.23931981646822,112.4436734582894,1265.3183608587024,3.2209915146956782,4.264454051292227,1941.4930899127269,0.6354107230370548,0.06055403946472595,456.3456973557837,0.5608608880690586,0.18389223109522923,705.2594604492188,0.34837283433463007,0.17601393288550088,769.2685546875,4000,500,25
24,2.269185314213022,0.6804427083333333,0.1806306770267119,816.495361328125,-0.47323209893617646,0.6440545989410207,1748.9883319521975,176.62281406590697,109.35809290662405,1267.0632988065622,2.6210822031942516,4.405249373468524,1785.9240503311466,0.6227099336031704,0.060188029005369514,519.2521063978032,0.4956215639467592,0.19948591314591338,826.23193359375,0.28542541553530454,0.1742642410233876,900.583740234375,4000,500,26
24,2.28,0.6554496527777778,0.1907175101804455,654.8888549804688,-0.5180317234043894,0.6343093557704824,2041.3109764942963,164.7967196637427,106.56586359879476,1156.4745567412715,2.614649250152648,4.285904038284846,1776.6695154517663,0.6118876909890156,0.08907347507708199,675.3101404006131,0.46597832272376544,0.2075978514776467,655.2784423828125,0.2602218909696042,0.17512245944428065,694.5748291015625,4000,500,27
24,2.3,0.6189895833333332,0.202731824862293,737.875,-0.6123856571331429,0.7916729972443567,1670.3260999521847,143.34875905797105,98.64522394838532,1170.3529261685883,2.3181736888704547,4.315839255101039,1801.624084001628,0.5930233350987903,0.12026328671841073,643.9934149773263,0.42423802203896605,0.20821470615058116,722.5608520507812,0.22332042485994277,0.16349149688951564,782.0345458984375,4000,500,28
24,2.32,0.5746345486111111,0.2155974561000915,713.5065307617188,-0.7066034577930459,0.6502120674477432,1313.366577352247,120.69633246527778,94.50864988961528,1073.6227180107292,1.980340216734856,4.30368659357183,1672.6203066077865,0.5735126750994142,0.14365645452852766,625.7285584487483,0.3766755069685571,0.21431573351165145,761.3040771484375,0.18780418837224902,0.15987468962960705,838.5175170898438,4000,500,29
32,2.0,0.91223193359375,0.026785550480307663,1911.0244140625,-0.09230230835997395,0.024360351331426066,2017.0739694430526,780.1919282226562,241.5838007025463,1956.808180588442,5.691345473798252,3.4911443583147492,1971.6038399757533,0.6662677823011476,0.0008011738519360796,1813.6458513482428,0.8328843870162964,0.04810136322944678,1915.450439453125,0.6960095648447568,0.0780208725492675,1927.5623779296875,4000,500,30
32,2.05,0.89178125,0.034795423820966696,1885.350341796875,-0.11533932134720426,0.03353621664967511,1911.153646128066,710.3881240472562,251.98622511833668,1930.0279742438915,5.3870439770499825,3.757178086342717,2000.0,0.6659627548006403,0.002269859993249134,2000.0,0.7964842166900635,0.060078523822206256,1864.5018310546875,0.6379956341037832,0.09145269271931597,1857.8970947265625,4000,500,31
32,2.1,0.86953076171875,0.044107722875154375,1577.9874267578125,-0.14117994039206347,0.03961700898804697,1585.5773967414582,643.9692099144345,256.0638254990551,1795.9565727736547,5.036567708511485,4.101259183139407,1901.9136063209087,0.6650085118214818,0.0035853651102615686,949.0649054647351,0.7580287504196167,0.07358633982721853,1586.0701904296875,0.5800211821345401,0.1051406699401502,1602.570068359375,4000,500,32
32,2.15,0.8362001953125,0.057447933869819744,1389.900634765625,-0.18173739626521357,0.06155711152238306,1508.3454994826063,548.8913063226744,267.8475415026004,1887.5823803568926,4.460646687786033,4.43351938000397,2000.0,0.6636311003960854,0.014716623344063118,1328.3119918789062,0.7025302066802979,0.08919959585979649,1371.9813232421875,0.5015032700578377,0.11619398459928561,1358.268798828125,4000,500,33
32,2.2,0.78520068359375,0.0937204211360181,1196.9439697265625,-0.2522926105335274,0.13316147095717193,1164.8836641832859,460.9041002308239,255.65662683290824,1669.7907530744408,4.076793970307803,4.538045479498851,1917.2757090607795,0.657949498501581,0.02714816782324174,1153.7460179113955,0.6253214349746704,0.1269269349189357,1205.606201171875,0.4071333162349947,0.13829085659646076,1235.7431640625,4000,500,34
32,2.24,0.72323486328125,0.14252090657920155,933.3157348632812,-0.3625658239826548,0.26339933380706965,1030.6722477604653,379.8484832763671,247.0741684363531,1343.8386881582928,3.597401991947299,4.655641686365383,1738.959270055351,0.639753660808825,0.05912141776549714,664.4844875238743,0.5433757982254028,0.16371849384293663,914.963623046875,0.32205430238698685,0.14901444043645581,932.2533569335938,4000,500,35
32,2.269185314213022,0.65358056640625,0.1747817753185097,849.75634765625,-0.49920258382885874,0.36790348933888894,1105.805925937002,283.5668877955758,183.044799742029,1149.28453409689,2.7298863421912385,4.863079787313997,1912.607000611021,0.6169425667826,0.10221233445073474,594.0266158072264,0.4577085886001587,0.18769098089696523,811.9252319335938,0.24471624941233677,0.1527805889979671,821.8324584960938,4000,500,36
32,2.28,0.6262255859375,0.18704679643364816,584.6515502929688,-0.5591719860543188,0.3926972829829193,743.9742263683573,260.392390522204,177.60067320259267,1028.9397280926626,2.6620339940639344,4.757357152731284,1836.068861980529,0.6064229643398282,0.07672611700059792,408.148663681356,0.4271362419128418,0.1929817069413442,605.8192138671875,0.21967799788461706,0.14872882180958544,678.4076538085938,4000,500,37
32,2.3,0.59072265625,0.19751566686351524,523.3701171875,-0.6753079702905063,0.9059118819690725,1853.219614971071,225.15765455163046,168.02439136173464,890.2449519172818,2.3811133901095483,4.7697967982928,1721.5641258928954,0.5898252284973753,0.07836638412439721,321.70916881050425,0.38795594215393064,0.195717880370793,503.7304382324219,0.18880572537720583,0.14277143477206053,529.8965454101562,4000,500,38
32,2.32,0.513146484375,0.21566508320927938,595.6674194335938,-0.8804140446405823,0.8668252793737676,1538.5812414340633,157.10687129579742,147.42261743553786,869.6367484640078,1.5827544014968358,4.705674375821773,1709.1008563271055,0.5500838754317819,0.1293808460464109,425.9514604004069,0.30981911468505857,0.19684467495949803,566.8399658203125,0.13472602292762895,0.12858576264063545,591.9352416992188,4000,500,39
40,2.0,0.9112078125,0.02161701001804768,2172.64599609375,-0.09327011775070483,0.01952254191218927,2177.710818654961,1206.2440265624998,389.17491169954377,2000.0,5.976643805686346,3.836622263890915,2000.0,0.6664067327657794,0.0004976980059411363,1897.8962787094652,0.830766855859375,0.03897773568985201,2166.970703125,0.6916924528580096,0.06360239333442654,2158.610595703125,4000,500,40
40,2.05,0.8926896875,0.027301828129855182,1932.3189697265625,-0.11399583678693939,0.025649130258106397,1943.5418854504358,1124.3801704268294,375.86663113825244,1805.5382639519887,5.8764894205301825,3.8376024009228544,1842.5726533395596,0.6662494691214117,0.0009256375175034327,2000.0,0.797640081640625,0.04794246033644313,1946.211181640625,0.6385276047228986,0.07446156318107656,1974.7200927734375,4000,500,41
40,2.1,0.8678278125,0.03492626496400564,1716.223388671875,-0.14262003174400353,0.03549984781283816,1692.1194299154727,1009.3546610119047,383.87811584674995,2000.0,5.477551220660214,4.246550324709917,2000.0,0.6659914884198169,0.0019608181294155447,1811.1664372284588,0.754344651171875,0.058618290827004316,1701.240966796875,0.5724710977450922,0.08446253793197808,1711.68603515625,4000,500,42
40,2.15,0.834320625,0.0532782756456449,1196.1680908203125,-0.18457610392376306,0.07026392800324038,1352.1790221032013,868.7579982558138,397.0465220570227,1865.4800073268557,4.955134285817883,4.558409261189096,1985.3187821886413,0.6642433911035475,0.008430199007539153,664.2004781787533,0.6989287703125,0.07958000833987636,1235.6251220703125,0.4948328204534863,0.10216073896501866,1264.73095703125,4000,500,43
40,2.2,0.788480625,0.07753050121896667,1089.2611083984375,-0.24525781349298617,0.1137095633501546,1360.0906994755703,724.516221590909,390.6627466236714,1642.2303532694018,4.380548794934247,4.882694228667658,1909.2616053289862,0.6600093238345671,0.014984675859349181,563.6874033939142,0.627711171875,0.10690549840258697,1117.083984375,0.40544724368899415,0.11850593190987015,1183.09375,4000,500,44
40,2.24,0.7146934375,0.126160495734519,643.1326293945312,-0.36162899321173136,0.20556152839127462,743.7580677061427,562.9771715959821,276.5431023495517,1314.198300167666,3.7057373510927136,5.053744600943618,1784.8525678523158,0.6438756771573887,0.06235961755981319,528.677371158894,0.5266992011718751,0.15079872987689102,663.0343017578125,0.30014662038334167,0.1363634142139334,711.6519165039062,4000,500,45
40,2.269185314213022,0.6410231249999999,0.165727287014389,653.606201171875,-0.5155656809895046,0.3632214183428149,786.927519825734,421.6498748502738,270.86929435136386,1137.7421237561668,2.9852525705773973,5.093415275967381,1753.2328015040382,0.6211492135629636,0.06388793357649128,365.1416774621118,0.43836931406250007,0.17341040044182887,636.9757080078125,0.22223130470127686,0.13446556066213547,647.7925415039062,4000,500,46
40,2.28,0.605154375,0.18417026657452584,596.6992797851562,-0.6035060381447204,0.48471429818524014,1046.420007974751,363.27910087719306,257.2179679662777,1140.841494163158,2.4712272689878394,5.228366239746339,1959.780223454394,0.6020233123931621,0.10295773375351344,405.4590148795836,0.400122025,0.1834223237566004,580.8092041015625,0.1937329728051587,0.13270758344062342,607.4437255859375,4000,500,47
40,2.3,0.5229221875000001,0.20872867780584078,498.4516906738281,-0.8168296868957475,0.5362750002816351,634.989755510563,273.38362527173916,234.12369024293628,915.1955580969407,2.1675092472639754,4.964064365503349,1640.0055043113757,0.5579445406278027,0.13283592966729024,336.0624630292159,0.317004383203125,0.1898197781950701,486.0150451660156,0.1365143192769708,0.1221871111934508,515.1783447265625,4000,500,48
40,2.32,0.457886875,0.2098570183059586,438.5076904296875,-0.995820905706011,0.6771952747859046,1069.58320514365,177.90233081896554,185.46841661924265,1069.9356126574053,1.2127148548130873,4.946607351915338,2000.0,0.5234990680002273,0.11959956885767467,295.8551569660292,0.2536893484375,0.17846248988730684,428.1667175292969,0.0961991835923462,0.10298950201554102,464.7002868652344,4000,500,49
48,2.0,0.911851779513889,0.01781327605543707,2134.61767578125,-0.09247045883206112,0.015735414237501914,2133.905774878443,1733.9499025607638,566.2764528203211,2000.0,6.2282007321004365,4.124693029959657,2000.0,0.6664806640697482,0.00033265403604556106,1898.1631578294948,0.8317909012782722,0.032269902325758035,2133.897216796875,0.6929171897087851,0.05305796326319201,2133.25634765625,4000,500,50
48,2.05,0.8932667100694444,0.02221422859681096,2073.66943359375,-0.113184613913891,0.020625606320383873,2072.2353436705826,1605.7276971121275,555.4393989026086,2000.0,6.04824055604559,4.245757664133636,2000.0,0.6663880579407374,0.0005780809907245125,1998.007219708257,0.7984187639024523,0.03923449019756471,2073.953369140625,0.6390114829362774,0.06147732488510882,2075.77783203125,4000,500,51
48,2.1,0.8685496961805556,0.02823707789313727,1668.27880859375,-0.14147052687281245,0.027540880031128596,1676.7637871340821,1426.9358612351189,580.0526941268731,1930.503567485767,5.540212071562941,4.717782167873553,1985.4720871397803,0.6662225747653621,0.0008336372124207595,1854.8247312769374,0.7551757079701364,0.04835260051269697,1659.2947998046875,0.5726277393910432,0.07134839304377535,1646.5045166015625,4000,500,52
48,2.15,0.8353211805555556,0.04288890403388891,1362.21533203125,-0.18144278224755758,0.04450977718795645,1489.9560075848817,1252.894643895349,571.7133474071553,1909.5351545191374,5.134642292998127,4.9457756510823785,2000.0,0.6650499812190085,0.009434996380869242,1264.6222931573623,0.6996004729094328,0.06741662432995885,1366.8092041015625,0.4939846866808399,0.08774142876424362,1358.9979248046875,4000,500,53
48,2.2,0.7855412326388889,0.06811705688559805,858.3771362304688,-0.2469245900968738,0.08890650969978697,911.6556501180561,1019.6561560921717,563.8759447479368,1680.2170068661203,4.489343259937308,5.19795960587567,2000.0,0.6613763556530384,0.011985784033055086,436.50245696148,0.621713801631221,0.09510427436243077,871.1577758789062,0.3955706129349993,0.10653556184165494,907.2329711914062,4000,500,54
48,2.24,0.7069032118055554,0.1156964826435435,711.820556640625,-0.36816742191925783,0.17586168850368708,871.8612472565186,769.0183702256943,525.591709172863,1380.0301342690063,3.723142505525195,5.41179361443321,1836.2966136895357,0.6481560790314523,0.037598655364484326,504.6218344733486,0.5130944805380738,0.1387646369287336,695.3988037109375,0.28251675651448366,0.12326249701026817,690.9742431640625,4000,500,55
48,2.269185314213022,0.6232057291666667,0.16657700246864213,561.6892700195312,-0.5485715391049223,0.44955404461398907,1467.8920909537019,558.6343139584582,380.51974454048207,1018.3620707895141,2.836899154214017,5.486934190002137,1756.8024702460614,0.6159092446840476,0.09168392035470212,425.81576741989863,0.4161263416431568,0.17036268147252137,537.9759521484375,0.20217731958701543,0.12560640598577644,547.9384765625,4000,500,56
48,2.28,0.5801514756944445,0.18364305771727465,536.5411376953125,-0.6482959834291865,0.422625034865859,706.8385181654264,474.8576015777291,352.42086100697327,1094.6099434703567,2.511826086478102,5.4579171456480156,1980.1707603765735,0.5949558171281378,0.11381742180330341,350.2008107063431,0.37029207620502985,0.17746955710307574,514.3972778320312,0.16860379153766894,0.12079478914436423,520.0014038085938,4000,500,57
48,2.3,0.50309765625,0.199130325222494,538.0216064453125,-0.8641412205317446,0.6699094944300782,938.239071096401,336.84371678743963,300.15677161468454,1014.899959059651,1.9193086238972483,5.285565165206616,1785.0436197006031,0.5490134058518348,0.1730784499343822,404.3376242742251,0.2927502249258536,0.1741309164172895,524.0499267578125,0.11601668985244985,0.10381374742343598,540.7720336914062,4000,500,58
48,2.32,0.4225221354166666,0.20717152096548613,644.8587036132812,-1.1007368021088717,0.7381810329478973,1144.213631039382,216.50159355543582,248.06802585155452,871.3296495266113,1.348841385248623,4.982287067436975,1761.4877686022958,0.5086547820152625,0.17581837607363418,449.6952554867277,0.22143426400643806,0.16660573275312526,588.7951049804688,0.07678366409473217,0.08770817135534216,582.59619140625,4000,500,59
