L,T,magnetization,magnetization_std,n_eff,log_magnetization,log_magnetization_std,n_eff_log,susceptibility,susceptibility_std,n_eff_susceptibility,log_susceptibility,log_susceptibility_std,n_eff_log_susceptibility,binder_cumulant,binder_cumulant_std,n_eff_binder,n_sweeps,n_thermalize,seed
12,2.0,0.9311868686868685,0.03962763758574865,22.0,-0.07216485217925567,0.04275210922540156,22.0,0.7903558150953984,0.2677282159076318,11.0,-1.0326662412696972,2.954788621897572,11.0,0.6666666666666665,1.9830697225612796e-16,1.076698319941563,22,500,0
12,2.05,0.8794191919191919,0.053994806355387365,12.502933353105279,-0.13141707756575957,0.06210607828263554,12.683048195728158,0.7571009895705019,0.09227802976853071,8.18731288094637,-0.28513555784996764,0.12356833371522874,8.241591286394511,0.663515984003192,0.003282707025434594,10.924418068450214,22,500,1
12,2.1,0.8844696969696968,0.05461948895372741,18.465687007411532,-0.12458662650343823,0.061754967066691036,18.23646549705446,0.4432319223985891,0.32910945869921376,4.434135643375785,-3.6250772715997024,3.7854905378524664,5.048948481242732,0.6666666666666665,1.9830697225612796e-16,1.0766983199415634,22,500,2
12,2.15,0.8604797979797979,0.0812659418547659,14.97247799726188,-0.15475278332967504,0.09831874338160448,14.961600038761912,0.6395715879727507,0.23948606658811133,11.0,-1.242792853412766,2.9136207960067204,11.0,0.6666666666666665,1.8766194259190274e-16,1.1418685121107266,22,500,3
12,2.2,0.7169312169312168,0.22734622013180117,7.147920604914935,-0.576779618011329,0.9864482100744231,8.801015222042965,0.4025019768390981,0.3129863512832407,11.0,-2.792949208850397,3.6791602887438715,11.0,0.5540814446561866,0.22214746672766844,6.1422367403439315,22,500,4
12,2.24,0.5178571428571429,0.25216864283664175,8.477500464839377,-0.794128439452803,0.5354205257752154,7.654825510495269,0.1585234788359788,0.22366448492812827,5.1390262885231826,-5.196726790392945,3.520898132807456,5.098088124575691,0.6174645257426286,0.06834669271331024,11.0,22,500,5
12,2.269185314213022,0.7395833333333334,0.24017071046363886,4.582134311692455,-0.4413890843219125,0.5049050181078942,6.5889579502987985,0.3963078312119751,0.23228744225257436,7.283881970593325,-2.1628497334560373,2.9218222771481877,11.0,0.6046655157801482,0.10351129280401877,4.0,22,500,6
12,2.28,0.792989417989418,0.11520599572693167,6.5190147461896695,-0.24653247415955465,0.17050813662713726,6.816763449531074,0.48434131150688164,0.2614153824074188,11.0,-1.6537065125056878,2.6296226281533754,11.0,0.6560049358527337,0.014587850058008072,6.467491133336667,22,500,7
12,2.3,0.7702020202020201,0.14901741130772453,14.84442024940371,-0.281312004001658,0.1562352821485935,14.423537733956932,0.32131398526326066,0.268553297510135,11.0,-2.549836315229533,3.007292029927363,11.0,0.6666666666666665,2.1120654807556913e-16,1.045,22,500,8
12,2.32,0.6635101010101011,0.25353656022567067,16.2854691260564,-0.6216124013924035,0.9043906878631395,17.885183547793346,0.2899149843743953,0.26203550486774246,11.0,-3.4034886859322815,3.6075913273124423,11.0,0.6666666666666665,1.8921932981504832e-16,1.2323232323232327,22,500,9
16,2.0,0.8959517045454546,0.04274912511208886,22.0,-0.11096089879518459,0.04790363727045512,22.0,0.8038066517223011,0.06086130486638332,11.0,-0.22110680177254752,0.07802249851153437,11.0,0.6666666666666665,2.27269898775599e-16,1.0,22,500,10
16,2.05,0.8920454545454546,0.07871404358156318,10.311774735269463,-0.11950387965372986,0.09449656359695394,10.715348932628284,0.5892693969997228,0.3901133017789787,11.0,-2.7004750810960707,4.4714544196531065,11.0,0.6627972251333905,0.007383493609213448,8.262790790562805,22,500,11
16,2.1,0.8522727272727273,0.14811229042502141,17.588929955196676,-0.18876369016742875,0.2948498561347963,19.970546025201376,0.6270582851393398,0.2604565925769512,11.0,-1.3880531331837491,3.2504616555452053,11.0,0.6435374319863928,0.07328731529826453,11.0,22,500,12
16,2.15,0.7993607954545454,0.0848523952359197,10.65970651186331,-0.2296596982187152,0.10611439620790429,10.914541889116778,0.4378672432445825,0.30433759378771996,10.467745512356396,-3.2307031516078224,4.662725658910846,10.799835901750942,0.6650429241260711,0.002512991602991184,11.0,22,500,13
16,2.2,0.8206676136363636,0.08532191714591594,9.989660929618765,-0.20474935134922176,0.10765162900543176,10.076266338890202,0.5693760391109247,0.22484843784985814,9.026497670488844,-1.1687444529765967,2.2644504820140456,11.0,0.6614371229680542,0.006680563580974216,11.0,22,500,14
16,2.24,0.7407670454545454,0.10025103876842238,12.371054220754905,-0.3181824529116554,0.16131736453115994,12.163332646788383,0.32333770355620933,0.26371355558197757,11.0,-4.260227171251406,4.976438211250199,11.0,0.6578658550899382,0.015869151884340533,5.819374260550955,22,500,15
16,2.269185314213022,0.6697443181818182,0.18114833551602752,14.742689467555238,-0.45053706527999376,0.3598569169559561,18.59034494972081,0.2929541163775368,0.24067820244286564,11.0,-2.2086107953968335,2.176224260498137,11.0,0.6175266468095566,0.0773583157412818,11.0,22,500,16
16,2.28,0.633203125,0.2507709061340275,5.501967846211861,-0.6015991315224276,0.5234329315523895,5.535307397810977,0.36882768597519194,0.2630194441956375,6.727146368488881,-2.8521381178253793,3.564652952659782,9.77798754020461,0.4919284736473467,0.26941412799468184,5.0,22,500,17
16,2.3,0.5546875,0.1585906854064424,6.876653121402228,-0.638521822078711,0.28702633876021433,7.329751588384148,0.18173519330533597,0.18298612103603148,9.448828738684334,-4.615225583831698,4.6212600225858225,8.502973113393212,0.6341758522284124,0.025707991091593184,7.0,22,500,18
16,2.32,0.5951704545454546,0.25486610424775286,22.0,-0.692687073748934,0.7651763408939495,22.0,0.24833559616232373,0.22235517348476275,11.0,-2.2084052177302076,1.6776044571911255,11.0,0.6666666666666665,2.27269898775599e-16,1.0,22,500,19
24,2.0,0.9030934343434344,0.026829658606506577,15.086850788771882,-0.10235216363355328,0.02979811801963966,15.031983384258774,0.8160500403338944,0.04113312954988944,11.0,-0.20443881613764212,0.05055953848516565,11.0,0.6666666666666665,2.1938529216821793e-16,1.0226757369614514,22,500,20
24,2.05,0.8937815656565656,0.039132291282345834,16.024773803908467,-0.11324731433830637,0.0451626694785509,16.035169411010042,0.707028202502669,0.2399434484633868,11.0,-1.3884100165700535,3.764457911392034,11.0,0.6666666666666665,2.1533475377854365e-16,1.0339083878643662,22,500,21
24,2.1,0.8713699494949497,0.037577518783566494,10.770628615060607,-0.13889009148682663,0.04379164980600036,10.865856515872487,0.652702673644514,0.22413477083017397,11.0,-1.2122780740455605,2.9118709207264195,11.0,0.6660082402067634,0.0007318292862623923,5.9473660980443475,22,500,22
24,2.15,0.8177083333333333,0.05051456862647168,12.73190483015623,-0.204732171063028,0.06262409638262346,14.14953758406089,0.5704546779976771,0.20462774315768864,8.101165580286844,-1.592567677514488,3.713894964833691,10.810011178488754,0.6620891270846158,0.009551550400336612,11.0,22,500,23
24,2.2,0.789021164021164,0.05258976303961454,8.762658215586164,-0.2466876187546739,0.07996518029199039,8.827498307093443,0.4214221902580093,0.27891841582346194,11.0,-3.351402881366452,4.8551072759726654,11.0,0.6628517299580453,0.003868897132033444,7.0,22,500,24
24,2.24,0.737689393939394,0.07989301350056148,11.139369811726011,-0.3168705867701595,0.13056561427789684,12.738102707680218,0.44287968584029785,0.17763121487979686,11.0,-1.3617717047236033,2.0640374234305607,11.0,0.6525966860726141,0.039487706547169016,11.0,22,500,25
24,2.269185314213022,0.7723214285714286,0.05054180631849613,8.580634317342964,-0.26104767951704566,0.0674608355381913,8.436472190084636,0.30438810213603834,0.29389068944026975,11.0,-5.233388389869105,5.520671795899238,11.0,0.6645446940939749,0.002876304401331617,4.997283079362832,22,500,26
24,2.28,0.5044642857142858,0.12046201656337836,7.735483566692916,-0.7393205361915632,0.2896542781395747,8.30385687383344,0.10023752022078733,0.1450278768510775,6.984446494876327,-5.038428995641585,3.9471856868683513,7.6431469048661205,0.6182177000926218,0.06847931946093282,3.2194982979362954,22,500,27
24,2.3,0.6218434343434344,0.17122000579371185,20.82404728201923,-0.5203915724795005,0.3283588958596593,19.112704521664725,0.30781280498218905,0.17365530331975393,11.0,-2.039619277075351,2.3841545787049094,11.0,0.6666666666666665,1.660923046971287e-16,1.2294887039239002,22,500,28
24,2.32,0.5539930555555556,0.1755656041785044,5.180346733010193,-0.6888122558485887,0.4372947919179252,7.193549541474557,0.20265023015112815,0.1692272233349138,11.0,-3.1396933802608022,3.513629720132847,11.0,0.6071173067978288,0.08090613050266128,4.79647828084663,22,500,29
32,2.0,0.9036754261363636,0.03849280614240477,17.737010509875166,-0.10217677013232543,0.043549510881944795,17.786980731862595,0.8175725936889648,0.05729213653620494,11.0,-0.20375270345204327,0.07257158783591211,11.0,0.6666666666666665,2.27269898775599e-16,1.0,22,500,30
32,2.05,0.8621271306818182,0.02786792368251037,22.0,-0.14886566722381916,0.03302866152418066,22.0,0.5941956006238308,0.2957038853895043,11.0,-2.587988933685401,5.067618210742686,11.0,0.6666666666666665,2.27269898775599e-16,1.0,22,500,31
32,2.1,0.8845880681818182,0.03419312844487926,13.01615292844658,-0.12363317303588497,0.039447671287441886,12.952177915554664,0.6718847761938582,0.22870233143652904,11.0,-1.5418850971748872,4.103249430844785,11.0,0.6658570068077975,0.0009679109595856791,9.665342522853999,22,500,32
32,2.15,0.8430059523809524,0.04665055946339073,7.121837183941692,-0.17253726170623532,0.05710005057866455,7.0713677745607635,0.4140398215037823,0.3337830697373466,11.0,-5.01932424756542,6.387025992150569,11.0,0.665662487767521,0.0016906765266538535,7.0,22,500,33
32,2.2,0.8000710227272727,0.056357839899171515,15.218913505358708,-0.22556425562156984,0.07360068087471439,15.239414563700313,0.48706023161076323,0.2478668487376507,11.0,-2.8410273608270327,5.164182249717659,11.0,0.6666666666666665,2.27269898775599e-16,1.0,22,500,34
32,2.24,0.6879438920454546,0.09239268458208391,9.484011460399492,-0.3872639380914151,0.1588887894045317,10.153699375491417,0.3368403230394636,0.2216078673074428,11.0,-2.824222392784412,3.8061306904493257,11.0,0.6582884725668476,0.012826801759524888,11.0,22,500,35
32,2.269185314213022,0.49541015625,0.2342062278896785,6.101631228909202,-1.0936838353122316,1.4140755750644025,7.991918641930903,0.12842501424638125,0.18507906429843496,10.095265249529346,-5.8979672719775635,5.15761417646007,9.752065725805481,0.4380377119101329,0.4269446848465799,5.0,22,500,36
32,2.28,0.6025855654761905,0.1274240382143009,7.236037987731002,-0.561135714069327,0.2638805194652994,7.280100259613623,0.15146439535576003,0.21804535185914814,9.047541773448085,-7.294009637507403,6.0254599771464985,11.0,0.5984414806147793,0.08191565537892641,4.183272332029976,22,500,37
32,2.3,0.5643643465909091,0.15305538824557915,14.348107917196181,-0.6556666765247704,0.4887928417723129,13.609279276256682,0.19401542754041348,0.15775275019451207,11.0,-3.63110468274644,3.909774412565414,11.0,0.6666666666666665,2.27269898775599e-16,1.0,22,500,38
32,2.32,0.44765625,0.13151608697230663,5.983322025035203,-0.8740446903646889,0.34933941815465813,6.040926279511436,0.13242388220042645,0.13047906338787274,10.050182227989012,-5.211904920710855,5.344080490970236,8.225254900020657,0.6277105764120183,0.050043825126455235,3.5814194802728436,22,500,39
40,2.0,0.9198295454545454,0.010814815175153366,12.77042443933633,-0.08367669920803965,0.011791335772564835,12.784502475592584,0.8461927201704544,0.01986844314171988,11.0,-0.16725972055926694,0.023549301346691042,11.0,0.6665323343348442,0.00011488101019542694,6.873789008419803,22,500,40
40,2.05,0.8902272727272728,0.022071037171328876,11.701996216937522,-0.11663469549184323,0.025165315186031295,11.689111869808599,0.618577705792683,0.3471619745377187,6.679304884862649,-2.747111204969065,5.564415664092563,6.382426074619553,0.666465969040672,0.0003269980587254901,6.92823922932767,22,500,41
40,2.1,0.867375,0.02589850230949664,6.180942081486073,-0.14281966546662156,0.030309834625956118,6.16159417586804,0.7171161458333332,0.04239971817879185,4.61481761213364,-0.334215345218979,0.06033208719447401,4.607718501090812,0.6661721389923932,0.000869250413902346,5.0,22,500,42
40,2.15,0.8427272727272727,0.056611527596578615,14.402178471262044,-0.17438760219577099,0.07565154026452468,14.587776279427112,0.5426344476744187,0.28018870084979075,11.0,-2.422150192656508,4.455078741211486,11.0,0.6641715478077397,0.005786085742549794,11.0,22,500,43
40,2.2,0.7982954545454546,0.06017363606491407,10.26446989403985,-0.22833853213572552,0.07723537923991948,10.885390623427693,0.4667274018595041,0.24329245914117406,11.0,-2.9160534931403475,5.2538882635607465,11.0,0.6641103249842206,0.0034634812471865833,7.0,22,500,44
40,2.24,0.6885714285714285,0.09945332551014294,6.752245838020616,-0.3877576134660885,0.17515164678113312,8.90455548547848,0.34147648006290576,0.2272762706507485,7.42172114788003,-2.7068369070381806,4.285563348289698,11.0,0.6429180569513049,0.030182610199484296,4.522058318933537,22,500,45
40,2.269185314213022,0.6117613636363637,0.1791907482809325,16.338417820474174,-0.5781213571011924,0.5265971549760097,18.625615040810136,0.2477595925973344,0.21095375156511825,10.101241033407273,-4.121307847502706,5.113862704140253,11.0,0.6063882230226114,0.11489685042968846,11.0,22,500,46
40,2.28,0.5217261904761905,0.2453923174343123,3.0913665827088384,-0.8730750814244187,0.7227289765679655,4.3065072188265985,0.18768867358826757,0.26359989319517135,2.780970631274919,-4.361560491641734,3.9864739670418796,3.7650057123635414,0.5735163499172171,0.08159063144433629,3.0,22,500,47
40,2.3,0.4840625,0.2460897321100578,6.082639283691949,-1.237834569048622,1.357411041086348,6.420029375886061,0.17314423789525693,0.1879402411647978,11.0,-5.158704852559547,5.482292185115099,11.0,0.4052702232924556,0.42571706082927435,5.0,22,500,48
40,2.32,0.6011875,0.13964021850813615,4.364809358246451,-0.5362920841713259,0.2469775570926346,4.694256964225631,0.22530020878232757,0.21334811756008404,5.264781687057262,-5.064152077137304,5.770082974762493,11.0,0.6504994304097804,0.017633606618992655,4.0,22,500,49
48,2.0,0.9139835858585859,0.015822462466577165,10.868814404993476,-0.09012654313430746,0.01732291538239625,10.909046860634707,0.757970157028181,0.252977772985412,11.0,-1.373756791470378,3.951512692804744,11.0,0.6665394602427931,0.00014398660915375627,7.829104705201152,22,500,50
48,2.05,0.8921638257575757,0.025954979877941816,9.240174102082701,-0.11464792086224639,0.029382564861441102,9.097439092039597,0.6494253402450574,0.322073232700876,11.0,-2.8096256762921223,5.7569098059205945,11.0,0.6662625131126221,0.0008841278110655851,11.0,22,500,51
48,2.1,0.8675595238095238,0.032636406681352176,8.615722979603763,-0.1428637480206228,0.038384070883541,8.455589449799973,0.4558738034486732,0.36215562992418493,11.0,-5.242928330522853,6.851070620959875,11.0,0.6662118419545486,0.0005781858691735476,7.0,22,500,52
48,2.15,0.8255602904040404,0.03486914730795004,17.102924808885156,-0.1925496484976973,0.042440018651339874,16.97875367789401,0.5775657285212835,0.19452237569263048,11.0,-1.8279546589242044,4.553760899090191,11.0,0.6666666666666665,1.8129866073473578e-16,1.368888888888889,22,500,53
48,2.2,0.718576388888889,0.06559016375635277,5.072773649130716,-0.33691011999380216,0.09285080107777557,5.130241394121401,0.3429874217384945,0.2347880987016553,9.359688149817826,-3.2065933542136986,4.385075104996849,10.016418220014799,0.6587983528694983,0.009811487372930416,5.0,22,500,54
48,2.24,0.6585779671717172,0.07889265806056601,11.963861855556054,-0.4252697874617409,0.12006485837146354,11.64121864433287,0.3066124089620081,0.21108626062455416,11.0,-3.506419147869126,4.724517510220761,11.0,0.6652979940101723,0.0018449481643869649,4.065214884650716,22,500,55
48,2.269185314213022,0.6985243055555556,0.1478670406123686,4.130348117489293,-0.3829188825303323,0.24428947062669223,4.440959764815746,0.44417375751657673,0.15340118044279272,6.624503460599707,-2.0201542098641454,3.7995000922502853,11.0,0.6496457021428845,0.023165410492102807,3.0,22,500,56
48,2.28,0.3525958994708995,0.07196389725532751,7.134440447164176,-1.072195990041997,0.19516336029436648,8.205260412946068,0.01768557185385661,0.028113375527247204,7.0,-7.38028808043176,4.1952716619102555,7.0,0.6340939659637597,0.04516195217801972,5.0,22,500,57
48,2.3,0.6557539682539683,0.06637450496590619,7.432752400055749,-0.42968179328685707,0.10670509803838694,7.319118165402867,0.18780234337830298,0.1872087517326047,11.0,-7.065080899555079,6.925483372995875,8.662933716598047,0.6601915486393372,0.007645302368392457,3.9828375009650165,22,500,58
48,2.32,0.3451003086419753,0.18527413574907975,3.824503941758905,-1.1464263595208153,0.5180251419564833,4.564829530898604,0.052992831332436555,0.09449850100228457,11.0,-7.517671081740085,5.524838568519244,9.144263919799407,0.5819791852265602,0.02166750456189066,3.0,22,500,59
